{"options":{"check_for_updates":true,"comment":"Use to make it looks like you have more than a billion energy points!","compatopts_for_requires":true,"compat_wrappedjsobject":false,"compat_metadata":false,"compat_foreach":false,"compat_arrayleft":false,"compat_uW_gmonkey":false,"compat_forvarin":false,"noframes":null,"awareOfChrome":false,"run_at":null,"override":{"use_includes":[],"orig_includes":[],"merge_includes":true,"use_matches":[],"orig_matches":["https://www.khanacademy.org/"],"merge_matches":true,"use_excludes":[],"orig_excludes":[],"merge_excludes":true,"use_connects":[],"merge_connects":true,"use_blockers":[],"orig_run_at":"document-idle","orig_noframes":null,"orig_connects":[]}},"settings":{"enabled":true,"position":1},"meta":{"name":"Fake Kahn Academy Hack","uuid":"f8af9cb3-4b2b-47e9-a7b6-fa14d1afe330","modified":1510945876639}}